{"cameraMode":{"drawMode":0,"name":"Shaded","section":"Shading Mode"},"sceneLighting":true,"audioPlay":false,"sceneViewState":{"showFog":true,"showMaterialUpdate":false,"showSkybox":true,"showFlares":true,"showImageEffects":true,"showParticleSystems":true},"in2DMode":false,"pivot":{"x":40.400001525878909,"y":6.5,"z":145.65000915527345},"rotation":{"x":-0.3252621591091156,"y":-0.2326723337173462,"z":0.08291172981262207,"w":-0.9127945303916931},"size":55.66976547241211,"orthographic":false}