{"cameraMode":{"drawMode":0,"name":"Shaded","section":"Shading Mode"},"sceneLighting":true,"audioPlay":false,"sceneViewState":{"showFog":true,"showMaterialUpdate":false,"showSkybox":true,"showFlares":true,"showImageEffects":true,"showParticleSystems":true},"in2DMode":false,"pivot":{"x":40.400001525878909,"y":15.90999984741211,"z":140.94000244140626},"rotation":{"x":-0.15562371909618379,"y":0.7670854330062866,"z":-0.5883854627609253,"w":-0.20288880169391633},"size":182.34495544433595,"orthographic":false}